,Titles,Links,Parent Category,Sum of Characters
0,2 Builders 2 Tools,/wiki/2_Builders_2_Tools,2,21.0
1,A A Sonic Shipping,/wiki/A_A_Sonic_Shipping,A,19.0
2,Aarinfantasy,/wiki/Aarinfantasy,A,15.0
3,TheAD'sOffice,/wiki/TheAD%27sOffice,A,22.0
4,Akte X Fans,/wiki/Akte_X_Fans,A,21.0
5,Anti-ZADR-Club,/wiki/Anti-ZADR-Club,A,20.0
6,Arrows Online,/wiki/Arrows_Online,A,6.0
7,As Others See Us: Fanfic in the Media,/wiki/As_Others_See_Us:_Fanfic_in_the_Media,A,11.0
8,Assassin's Creed Sisterhood,/wiki/Assassin%27s_Creed_Sisterhood,A,22.0
9,The Balance,/wiki/The_Balance,B,13.0
10,Baraag,/wiki/Baraag,B,10.0
11,Bay City Library,/wiki/Bay_City_Library,B,22.0
12,Berries.space,/wiki/Berries.space,B,10.0
13,Beyond Atlantis Virtual Season Six,/wiki/Beyond_Atlantis_Virtual_Season_Six,B,14.0
14,Big Light Network,/wiki/Big_Light_Network,B,17.0
15,Bit of Earth,/wiki/Bit_of_Earth,B,10.0
16,Blame Taylor (Facebook group),/wiki/Blame_Taylor_(Facebook_group),B,8.0
17,Bloody Awful Poet Society,/wiki/Bloody_Awful_Poet_Society,B,
18,Brickfilming,/wiki/Brickfilming,B,
19,Bring It Fanfics,/wiki/Bring_It_Fanfics,B,
20,Buffistas.org,/wiki/Buffistas.org,B,
21,Buffyverse Music Video Database,/wiki/Buffyverse_Music_Video_Database,B,
22,C-Leapers,/wiki/C-Leapers,C,
23,Camelot Music Video Awards,/wiki/Camelot_Music_Video_Awards,C,
24,Casa de Ideas,/wiki/Casa_de_Ideas,C,
25,Celebrity Marriage Clique,/wiki/Celebrity_Marriage_Clique,C,
26,A Change of Hobbit,/wiki/A_Change_of_Hobbit,C,
27,Chaos.x-philes.com,/wiki/Chaos.x-philes.com,C,
28,Christian Angels,/wiki/Christian_Angels,C,
29,Christian Fan Fellowship,/wiki/Christian_Fan_Fellowship,C,
30,Comic Fan-Fiction Authors' Network,/wiki/Comic_Fan-Fiction_Authors%27_Network,C,
31,Corrie's Unhappy Father Todd To Be Snared,/wiki/Corrie%27s_Unhappy_Father_Todd_To_Be_Snared,C,
32,Cotton Candy (Hanson fan club),/wiki/Cotton_Candy_(Hanson_fan_club),C,
33,DailyVelCinta,/wiki/DailyVelCinta,D,
34,Dawnsisters Weyr,/wiki/Dawnsisters_Weyr,D,
35,DC-Slash,/wiki/DC-Slash,D,
36,Doctor Who Fan Orchestra,/wiki/Doctor_Who_Fan_Orchestra,D,
37,Donaldism,/wiki/Donaldism,D,
38,Doppelleben,/wiki/Doppelleben,D,
39,DSE,/wiki/DSE,D,
40,Duck Prints Press,/wiki/Duck_Prints_Press,D,
41,Due SOUTH Slash Virtual Season,/wiki/Due_SOUTH_Slash_Virtual_Season,D,
42,Es de Fanfics,/wiki/Es_de_Fanfics,E,
43,Fake F1,/wiki/Fake_F1,F,
44,Fallen Grace's Tavern,/wiki/Fallen_Grace%27s_Tavern,F,
45,Fan 911 Auction,/wiki/Fan_911_Auction,F,
46,Fan Fiction University,/wiki/Fan_Fiction_University,F,
47,Fan Soundtrack Project,/wiki/Fan_Soundtrack_Project,F,
48,Fan Studies Network,/wiki/Fan_Studies_Network,F,
49,Mary Sue,/wiki/Mary_Sue,F,
50,Fandom Content on Mainstream Spaces,/wiki/Fandom_Content_on_Mainstream_Spaces,F,
51,Fandom Rocks,/wiki/Fandom_Rocks,F,
52,Fandom.ink,/wiki/Fandom.ink,F,
53,FandomAid,/wiki/FandomAid,F,
54,Fanfic Symposium,/wiki/Fanfic_Symposium,F,
55,Fanfiction.net Liberation Front,/wiki/Fanfiction.net_Liberation_Front,F,
56,Fansons uncensored,/wiki/Fansons_uncensored,F,
57,Fauna Urbana (news portal),/wiki/Fauna_Urbana_(news_portal),F,
58,Federated Fandom,/wiki/Federated_Fandom,F,
59,Ficwip,/wiki/Ficwip,F,
60,Finding Each Other,/wiki/Finding_Each_Other,F,
61,First Terran Enclave,/wiki/First_Terran_Enclave,F,
62,French K/S (website),/wiki/French_K/S_(website),F,
63,Freunde von Darkover,/wiki/Freunde_von_Darkover,F,
64,FrozenShips,/wiki/FrozenShips,F,
65,FurNation,/wiki/FurNation,F,
66,GabeNath Server 2: Adults Shipping Adults,/wiki/GabeNath_Server_2:_Adults_Shipping_Adults,G,
67,GEnie,/wiki/GEnie,G,
68,Genre TV for All,/wiki/Genre_TV_for_All,G,
69,Gillian Anderson Testosterone Brigade,/wiki/Gillian_Anderson_Testosterone_Brigade,G,
70,The Glass Onion,/wiki/The_Glass_Onion,G,
71,Godawful Fan Fiction,/wiki/Godawful_Fan_Fiction,G,
72,The Gray Gale,/wiki/The_Gray_Gale,G,
73,Hanfic uncensored,/wiki/Hanfic_uncensored,H,
74,Hanson Fandom,/wiki/Hanson_Fandom,H,
75,Hanson Italian Fanpage,/wiki/Hanson_Italian_Fanpage,H,
76,Hanson Secrets (Facebook group),/wiki/Hanson_Secrets_(Facebook_group),H,
77,Here's The Love,/wiki/Here%27s_The_Love,H,
78,Hermitgram,/wiki/Hermitgram,H,
79,HL Daily,/wiki/HL_Daily,H,
80,HL-Christians,/wiki/HL-Christians,H,
81,The Hole in the Deck Gang,/wiki/The_Hole_in_the_Deck_Gang,H,
82,Holiday Wishes,/wiki/Holiday_Wishes,H,
83,Idealists Haven,/wiki/Idealists_Haven,I,
84,IlsaluntÃ« Valion,/wiki/Ilsalunt%C3%AB_Valion,I,
85,The Inn of Crossed Swords,/wiki/The_Inn_of_Crossed_Swords,I,
86,Iolausian Writer's Circle,/wiki/Iolausian_Writer%27s_Circle,I,
87,IRC-Channel MacGyver,/wiki/IRC-Channel_MacGyver,I,
88,The Island of Misfit Fansons,/wiki/The_Island_of_Misfit_Fansons,I,
89,Jyn Erso Appreciation Squad,/wiki/Jyn_Erso_Appreciation_Squad,J,
90,K-Pop Stan Twitter,/wiki/K-Pop_Stan_Twitter,K,
91,Kawoosh! (Stargate Music Video Archive),/wiki/Kawoosh!_(Stargate_Music_Video_Archive),K,
92,The KS Project,/wiki/The_KS_Project,K,
93,The Ladies' Sewing Circle & Terrorist Society,/wiki/The_Ladies%27_Sewing_Circle_%26_Terrorist_Society,L,
94,Lakesedge Weyr,/wiki/Lakesedge_Weyr,L,
95,The Literate Union,/wiki/The_Literate_Union,L,
96,The London Group,/wiki/The_London_Group,L,
97,MastoDrabble,/wiki/MastoDrabble,M,
98,MCSR,/wiki/MCSR,M,
99,MCYT,/wiki/MCYT,M,
100,"Me, myself and Hanson","/wiki/Me,_myself_and_Hanson",M,
101,METMA,/wiki/METMA,M,
102,Middle-Earth Paganism,/wiki/Middle-Earth_Paganism,M,
103,MJ's Blog,/wiki/MJ%27s_Blog,M,
104,Modems of the Queen,/wiki/Modems_of_the_Queen,M,
105,News for the OBSSEsed,/wiki/News_for_the_OBSSEsed,N,
106,NYC Newsgirls' Union,/wiki/NYC_Newsgirls%27_Union,N,
107,Order of the Blessed Saint Scully the Enigmatic,/wiki/Order_of_the_Blessed_Saint_Scully_the_Enigmatic,O,
108,Order of the Concritters,/wiki/Order_of_the_Concritters,O,
109,People of Color OC stories POC fics,/wiki/People_of_Color_OC_stories_POC_fics,P,
110,The Pon Farr Club,/wiki/The_Pon_Farr_Club,P,
111,Portal47,/wiki/Portal47,P,
112,Pottermore Facebook Community,/wiki/Pottermore_Facebook_Community,P,
113,Project Quantum Leap,/wiki/Project_Quantum_Leap,P,
114,Protectors of the Plot Continuum,/wiki/Protectors_of_the_Plot_Continuum,P,
115,The Puppy Shelter,/wiki/The_Puppy_Shelter,P,
116,Racebending,/wiki/Racebending,R,
117,Rainbow Direction,/wiki/Rainbow_Direction,R,
118,The Rec Center,/wiki/The_Rec_Center,R,
119,Recc Me,/wiki/Recc_Me,R,
120,Renegade Publishing,/wiki/Renegade_Publishing,R,
121,Replay Value AU,/wiki/Replay_Value_AU,R,
122,Rogue OBSSE,/wiki/Rogue_OBSSE,R,
123,Ron/Pansy Club,/wiki/Ron/Pansy_Club,R,
124,S&S Co-op,/wiki/S%26S_Co-op,S,
125,Sapphic Star Wars,/wiki/Sapphic_Star_Wars,S,
126,Save the Star Trek Cast,/wiki/Save_the_Star_Trek_Cast,S,
127,Sekh's Party,/wiki/Sekh%27s_Party,S,
128,Sherlock Fan Orchestra,/wiki/Sherlock_Fan_Orchestra,S,
129,SiIvaGunner,/wiki/SiIvaGunner,S,
130,The Sith Academy,/wiki/The_Sith_Academy,S,
131,SJ Horsewomen,/wiki/SJ_Horsewomen,S,
132,SkypePhiles,/wiki/SkypePhiles,S,
133,SlashFic Hall of Shame,/wiki/SlashFic_Hall_of_Shame,S,
134,Smart Young X-Philes,/wiki/Smart_Young_X-Philes,S,
135,Snapetes,/wiki/Snapetes,S,
136,Star Trek Welcommittee,/wiki/Star_Trek_Welcommittee,S,
137,Starfleet Ladies' Auxiliary and Embroidery and Baking Society,/wiki/Starfleet_Ladies%27_Auxiliary_and_Embroidery_and_Baking_Society,S,
138,Stargate Rollenspiel,/wiki/Stargate_Rollenspiel,S,
139,StarRise Weyr,/wiki/StarRise_Weyr,S,
140,Starsky & Hutch Appreciation Society (virtual fan club),/wiki/Starsky_%26_Hutch_Appreciation_Society_(virtual_fan_club),S,
141,Starsky and Hutch Virtual Season (online),/wiki/Starsky_and_Hutch_Virtual_Season_(online),S,
142,Straight Women in Love with Scully,/wiki/Straight_Women_in_Love_with_Scully,S,
143,Stuffy Guard Project,/wiki/Stuffy_Guard_Project,S,
144,Supernatural Video Station,/wiki/Supernatural_Video_Station,S,
145,Supernatural Virtual Season (online),/wiki/Supernatural_Virtual_Season_(online),S,
146,Sweet Charity,/wiki/Sweet_Charity,S,
147,T'Lara's Cinema of Squee,/wiki/T%27Lara%27s_Cinema_of_Squee,T,
148,T.H.E.M,/wiki/T.H.E.M,T,
149,Teen Wolf Legacy,/wiki/Teen_Wolf_Legacy,T,
150,The Gargoyles Saga,/wiki/The_Gargoyles_Saga,T,
151,The Zero-Six Contingent,/wiki/The_Zero-Six_Contingent,T,
152,Three Deep,/wiki/Three_Deep,T,
153,Tin Man Fanfiction,/wiki/Tin_Man_Fanfiction,T,
154,Tolkienistic Elven Spiritual Tradition,/wiki/Tolkienistic_Elven_Spiritual_Tradition,T,
155,Total Drama Island Fanon Club,/wiki/Total_Drama_Island_Fanon_Club,T,
156,Total Drama Official Amino,/wiki/Total_Drama_Official_Amino,T,
157,Total-Drama-Cosplay,/wiki/Total-Drama-Cosplay,T,
158,TREKisM (community),/wiki/TREKisM_(community),T,
159,Trekkie Assassination Squad,/wiki/Trekkie_Assassination_Squad,T,
160,TXF.net,/wiki/TXF.net,T,
161,UTAU,/wiki/UTAU,U,
162,Valdemar Talker,/wiki/Valdemar_Talker,V,
163,The Video Co-op Library,/wiki/The_Video_Co-op_Library,V,
164,Vocaloid,/wiki/Vocaloid,V,
165,Voices in the Shadows,/wiki/Voices_in_the_Shadows,V,
166,We Band of Buggered,/wiki/We_Band_of_Buggered,W,
167,We-Fancy-Femslash,/wiki/We-Fancy-Femslash,W,
168,"What Happens on the Holodeck, Stays on the Holodeck","/wiki/What_Happens_on_the_Holodeck,_Stays_on_the_Holodeck",W,
169,What We Keep,/wiki/What_We_Keep,W,
170,Winterfest (Beauty and the Beast fan gatherings),/wiki/Winterfest_(Beauty_and_the_Beast_fan_gatherings),W,
171,Winterfest (Beauty and the Beast online celebration),/wiki/Winterfest_(Beauty_and_the_Beast_online_celebration),W,
172,Writers University,/wiki/Writers_University,W,
173,The X Files (Facebook group),/wiki/The_X_Files_(Facebook_group),X,
174,X-Files Ultimate,/wiki/X-Files_Ultimate,X,
175,X-Files Universe,/wiki/X-Files_Universe,X,
176,The X-Files University,/wiki/The_X-Files_University,X,
177,X-Ville,/wiki/X-Ville,X,
178,XFiles-Mania,/wiki/XFiles-Mania,X,
179,XFilesNews,/wiki/XFilesNews,X,
180,ZutaraOPM,/wiki/ZutaraOPM,Z,
